name,price_mkd,image_url,in_stock
De-vibration Buffer Deepcool P80 for Case Fan 80mm,55,https://www.anhoch.com/storage/media/dpdvfanbp80_1.jpg,yes
Thermal Grizzly Putty Advance 30g,1590,https://www.anhoch.com/storage/media/1-s-tg-p-a-30-png_800x800.jpg,yes
Case Fan 120x120x25 Deepcool RF120W 1300rpm White LED,420,https://www.anhoch.com/storage/media/dpfledrf120wh_1.jpg,yes
Thermal Pad Minus Pad Advance Thermal Grizzly - 120x20x0.5 mm 4pcs,1290,https://www.anhoch.com/storage/media/250420251113477-s-tg-mp-a-120-20-png_800x800.jpg,yes
Cooler Deepcool AK500 All Intel/AMD White,3580,https://www.anhoch.com/storage/media/rak500whnnmtg.jpg,yes
Thermal Pad Minus Pad Advance Thermal Grizzly - 120x20x2 mm 4pcs,1290,https://www.anhoch.com/storage/media/7-s-tg-mp-a-120-20-png_800x800.jpg,yes
Cooler Deepcool AK620 All Intel/AMD White,4480,https://www.anhoch.com/storage/media/rak620whnnmtg1.jpg,yes
Thermal Pad KryoSheet Thermal Grizzly 24x12mm,890,https://www.anhoch.com/storage/media/tgks2412_1.jpg,yes
Thermal Pad KryoSheet Thermal Grizzly 25x25mm,1090,https://www.anhoch.com/storage/media/tgks2525_1.jpg,yes
Cooler Liquid Gigabyte EAGLE 360 Black ARGB All Intel/AMD,6280,https://www.anhoch.com/storage/media/gp-gigabyteeagle360.jpg,yes
Thermal Pad KryoSheet Thermal Grizzly 29x25mm,1190,https://www.anhoch.com/storage/media/tgks2925_1.jpg,yes
Cooler Liquid Gigabyte GAMING 240 Black ARGB All Intel/AMD,5180,https://www.anhoch.com/storage/media/gp-gigabytegme240.jpg,yes
Thermal Grizzly Putty Pro 30g,2480,https://www.anhoch.com/storage/media/tg-p-p-030-r_1.jpg,yes
Case Fan 120x120x25 White Shark Comet RGB,290,https://www.anhoch.com/storage/media/gcf1290.jpg,yes
Thermal Grizzly Putty Basic 100g,2180,https://www.anhoch.com/storage/media/tg-p-b-100-r_1.jpg,yes
Thermal Grizzly Putty Advance 100g,3980,https://www.anhoch.com/storage/media/tg-p-a-100-r_1.jpg,yes
Thermal Grizzly Putty Pro 100g,6480,https://www.anhoch.com/storage/media/tg-p-p-100-r_1.jpg,yes
Thermal Grease for Cooler Thermal Grizzly Kryonaut 11.1g,1690,https://www.anhoch.com/storage/media/tgk030r_1.jpg,yes
Cooler Deepcool ASSASSIN 4S all Intel/AMD White,5880,https://www.anhoch.com/storage/media/r-asn4s-whgpmn-g.jpg,yes
Case Fan 120x120x25 SAMA 3 in 1 1100rpm ARGB LED White w/Fan HUB,1790,https://www.anhoch.com/storage/media/blw3.jpg,yes
Cooler Deepcool AK400 White All Intel/AMD,2380,https://www.anhoch.com/storage/media/rak400whnnmng1.jpg,yes
Case Fan 120x120x25 SBOX CF-120/R,220,https://www.anhoch.com/storage/media/120_120___thumb_600_600.jpg,yes
Cooler Deepcool Gamma Archer all Intel/AMD up to 95W,490,https://www.anhoch.com/storage/media/gamma_archer_1.jpg,yes
Cooler Deepcool AG200 all Intel/AMD,890,https://www.anhoch.com/storage/media/rag200bknnmng.jpg,yes
Cooler Deepcool AG300 all Intel/AMD,1090,https://www.anhoch.com/storage/media/rag300bknnmng.jpg,yes
Cooler Deepcool CK-11509 Intel LGA 1200/1151/1150/1155,320,https://www.anhoch.com/storage/media/ck11509_1.jpg,yes
Liquid Metal for Cooler Thermal Grizzly Conductonaut Extreme 1g,990,https://www.anhoch.com/storage/media/tgce001r_1.jpg,yes
Case Fan 120x120x25 Fury Sai S12 ARGB 1500rpm Black,650,https://www.anhoch.com/storage/media/ngf-2410.jpg,yes
Thermal Pad KryoSheet Thermal Grizzly 50x50mm,1590,https://www.anhoch.com/storage/media/tgks5050_1.jpg,yes
Case Fan 120x120x25 Deepcool RF120R 1300rpm Red LED,420,https://www.anhoch.com/storage/media/dpfledrf120rd_1.jpg,yes
Cooler DeepCool IceEdge Mini FS V2 Intel LGA1851/1700/1200 AMD AM5/AM4,790,https://www.anhoch.com/storage/media/dpmch2iemv21.jpg,yes
Case Fan 120x120x25 Fury Sai S12 ARGB (3 in 1) 1500rpm Black,1680,https://www.anhoch.com/storage/media/ngf-2412.jpg,yes
Thermal Pad KryoSheet Thermal Grizzly 38x38mm,1390,https://www.anhoch.com/storage/media/tgks3838_1.jpg,yes
Case Fan 120x120x25 Fury Sai S12 1500rpm Black,450,https://www.anhoch.com/storage/media/ngf-2408.jpg,yes
Thermal Pad KryoSheet Thermal Grizzly 33x33mm,1390,https://www.anhoch.com/storage/media/tgks3333_1.jpg,yes
Case Fan 120x120x25 White Shark Pulsar ARGB,390,https://www.anhoch.com/storage/media/gcf126204v11.jpg,yes
Case Fan Genesis Oxal 120 ARGB Black,690,https://www.anhoch.com/storage/media/ngf-2263.jpg,yes
Case Fan 120x120x25 Fury Sai S12 (3 in 1) 1500rpm Black,1180,https://www.anhoch.com/storage/media/ngf-2409.jpg,yes
Case Fan Genesis Oxal 120 ARGB White,690,https://www.anhoch.com/storage/media/ngf-2264.jpg,yes
Cooler Liquid Genesis Hydria 240 Black,4280,https://www.anhoch.com/storage/media/nlg-2318.jpg,yes
Case Fan 120x120x25 SAMA 1600rpm ARGB LED White,690,https://www.anhoch.com/storage/media/yf1203iargbw.jpg,yes
Case Fan 80x80x25 Deepcool XFAN 80 1300rpm Black,250,https://www.anhoch.com/storage/media/xfan_80_1.jpg,yes
Cooler ARCTIC Intel Alpine 17 Intel LGA 1700/1851,550,https://www.anhoch.com/storage/media/acalp00040a.jpg,yes
Cooler Deepcool AG620 ARGB V2 All Intel/AMD White,3880,https://www.anhoch.com/storage/media/r-ag620-whammn-gjd.jpg,yes
Cooler ARCTIC Alpine 23 CO AMD AM4/AM5,560,https://www.anhoch.com/storage/media/acalp00036a.jpg,yes
Case Fan 120x120x25 Deepcool FD12 ARGB 2050rpm Super Silent LED White,990,https://www.anhoch.com/storage/media/r-fd12-whapn1-g.jpg,yes
Case Fan 140x140x25 Deepcool FD 14 ARGB 1650rpm Super Silent LED Black,1180,https://www.anhoch.com/storage/media/r-fd14-whapn1-g-1.jpg,yes
Case Fan 140x140x25 Deepcool FD 14 ARGB 1650rpm Super Silent LED White,1180,https://www.anhoch.com/storage/media/r-fd14-whapn1-g.jpg,yes
Case Fan 120x120x25 Deepcool FL12R ARGB (3 in 1) 2150rpm Super Silent LED White,4980,https://www.anhoch.com/storage/media/r-fl12r-whapn3-g-1.jpg,yes
Deepcool Intel LGA 1700 Mounting Bracket Kit for GAMMAXX 400/GTE/GT/C40 Series,100,https://www.anhoch.com/storage/media/dc1700mk.jpg,yes
Cooler Liquid MSI MAG CORELIQUID A13 240 ARGB LGA1700/1851/AM5/AM4,4480,https://www.anhoch.com/storage/media/magcoreliquida13240.jpg,yes
Cooler Sharkoon A40 All Intel/AMD Black,1690,https://www.anhoch.com/storage/media/a40bk.jpg,yes
Cooler Sharkoon A40 RGB All Intel/AMD Black,1990,https://www.anhoch.com/storage/media/a40bkrgb.jpg,yes
Cooler Sharkoon A40 RGB All Intel/AMD White,1990,https://www.anhoch.com/storage/media/a40whrgb.jpg,yes
Cooler Sharkoon A50 RGB All Intel/AMD Black,2790,https://www.anhoch.com/storage/media/a50bkrgb.jpg,yes
Cooler Sharkoon A50 RGB All Intel/AMD White,2790,https://www.anhoch.com/storage/media/a50whrgb.jpg,yes
Cooler Sharkoon A60 RGB All Intel/AMD Black,3980,https://www.anhoch.com/storage/media/a60bkrgb.jpg,yes
Cooler Sharkoon A60 RGB All Intel/AMD White,3980,https://www.anhoch.com/storage/media/a60whrgb.jpg,yes
Case Fan 120x120x25 Sharkoon SHARK Mirror PWM ARGB 1500rpm Low Noise White,790,https://www.anhoch.com/storage/media/sharkmirrorwh.jpg,yes
Case Fan 80x80x25 SBOX CF-80 Box,120,https://www.anhoch.com/storage/media/cf80.jpg,yes
Cooler Liquid Deepcool LE240 V2 ARGB Sockets All Intel/AMD,3880,https://www.anhoch.com/storage/media/r-le240-bkammc-g-2.jpg,yes
Cooler Liquid Deepcool LE360 V2 ARGB Sockets All Intel/AMD,4980,https://www.anhoch.com/storage/media/r-le360-bkammc-g-2.jpg,yes
Cooler Deepcool AG400 V2 ARGB all Intel/AMD Black,1980,https://www.anhoch.com/storage/media/r-ag400-bkammn-gjd.jpg,yes
Cooler Deepcool AG400 V2 ARGB all Intel/AMD White,1980,https://www.anhoch.com/storage/media/r-ag400-whammn-gjd.jpg,yes
Cooler MSI MAG COREFROZR AA13 ARGB all Intel/AMD White,1690,https://www.anhoch.com/storage/media/magcorefrozraa13white.jpg,yes
Cooler Liquid Deepcool LE240 V2 ARGB Sockets All Intel/AMD White,4080,https://www.anhoch.com/storage/media/r-le240-whammn-g-2.jpg,yes
Cooler Liquid Deepcool LE360 V2 ARGB Sockets All Intel/AMD White,5180,https://www.anhoch.com/storage/media/r-le360-whammn-g-2.jpg,yes
"Cooler Liquid Deepcool LM360 ARGB w/IPS 2.4"" Display, All Intel/AMD Black",5680,https://www.anhoch.com/storage/media/r-lm360-bkdmmc-1.jpg,yes
"Cooler Liquid Deepcool LM360 ARGB w/IPS 2.4"" Display, All Intel/AMD White",5680,https://www.anhoch.com/storage/media/r-lm360-whdmmc-1.jpg,yes
"Cooler Liquid Deepcool LQ360 ULTRA WH Halo ARGB w/LCD Display , All Intel/AMD White",7680,https://www.anhoch.com/storage/media/r-lq360-whasmc-g-1.jpg,yes
Cooler Deepcool AG400 G2 all Intel/AMD Black,1490,https://www.anhoch.com/storage/media/r-ag400-bknpmg2-g.jpg,yes
Cooler Deepcool AK400 Digital SE All Intel/AMD,1890,https://www.anhoch.com/storage/media/r-ak400-bkadmn-gjd.jpg,yes
Cooler Deepcool AG400 G2 all Intel/AMD White,1490,https://www.anhoch.com/storage/media/r-ag400-whnpmg2-g.jpg,yes
Cooler Deepcool AK400 Digital SE All Intel/AMD White,1890,https://www.anhoch.com/storage/media/r-ak400-whadmn-gjd.jpg,yes
Cooler Deepcool AG620 G2 All Intel/AMD Black,2890,https://www.anhoch.com/storage/media/r-ag620-bknpmg2-g.jpg,yes
Thermal Pad PhaseSheet PTM Thermal Grizzly 50x40x0.2mm,590,https://www.anhoch.com/storage/media/tg-ps-50-40_1.jpg,yes
Cooler Deepcool AK620 Digital SE All Intel/AMD,3380,https://www.anhoch.com/storage/media/r-ak620-bkadmn-gjd.jpg,yes
Cooler Deepcool AK620 Digital SE All Intel/AMD White,3380,https://www.anhoch.com/storage/media/r-ak620-whadmn-gjd.jpg,yes
Thermal Pad Minus Pad Advance Thermal Grizzly - 100x100x2 mm 2pcs,1590,https://www.anhoch.com/storage/media/250420251223537-s-tg-mp-b-100-100-png_800x800.jpg,yes
Cooler Deepcool AK500 Zero Dark All Intel/AMD,3680,https://www.anhoch.com/storage/media/rak500bknnmtg1-01.jpg,yes
Case Fan 140x140x25 Deepcool FD14 ARGB (3 in 1) 1650rpm Super Silent LED White,2980,https://www.anhoch.com/storage/media/r-fd14-whapn3-g.jpg,yes
Thermal Pad Minus Pad Basic Thermal Grizzly - 120x20x0.5 mm 4pcs,990,https://www.anhoch.com/storage/media/250420251230147-s-tg-mp-b-120-20-png_800x800.jpg,yes
Cooler Liquid Deepcool LT720 Sockets All Intel/AMD White,8480,https://www.anhoch.com/storage/media/rlt720whamnfg1.jpg,yes
Cooler Liquid Deepcool LT360 ARGB Sockets All Intel/AMD,8980,https://www.anhoch.com/storage/media/r-lt360-bkamnc-g-1.jpg,yes
Cooler Be Quiet! Dark Rock Slim BK024,3680,https://www.anhoch.com/storage/media/drslim_h_w_1.jpg,yes
Thermal Grease for Cooler Thermal Grizzly Kryonaut 37g,4980,https://www.anhoch.com/storage/media/tgk100r_1.jpg,yes
Cooler ARCTIC Alpine 23 AMD AM4/AM5,450,https://www.anhoch.com/storage/media/eb71.jpg,yes
Cooler Sharkoon A50 All Intel/AMD Black,2390,https://www.anhoch.com/storage/media/a50bk.jpg,yes
"Cooler Liquid Deepcool LQ360 ULTRA Halo ARGB w/LCD Display , All Intel/AMD Black",7480,https://www.anhoch.com/storage/media/r-lq360-bkasmc-g-1-01.jpg,yes
Cooler Deepcool AK400 G2 Digital NYX All Intel/AMD,3080,https://www.anhoch.com/storage/media/r-ak400g2-bknnmn-gjd-1-01.jpg,yes
Thermal Pad Minus Pad Advance Thermal Grizzly - 100x100x1.5 mm 2pcs,1290,https://www.anhoch.com/storage/media/250420251225157-s-tg-mp-b-100-100-png_800x800.jpg,yes
Thermal Grease for Cooler Polartherm X8 40g,1090,https://www.anhoch.com/storage/media/pt-x8-040_1.jpg,yes
Cooler Be Quiet! Pure Rock Slim 3,1680,https://www.anhoch.com/storage/media/bk047_1.jpg,yes
Cooler Sharkoon A60 All Intel/AMD Black,3480,https://www.anhoch.com/storage/media/a60bk.jpg,yes
Thermal Pad Minus Pad Basic Thermal Grizzly - 100x100x0.5 mm 2pcs,990,https://www.anhoch.com/storage/media/250420251233277-s-tg-mp-b-100-100-png_800x800.jpg,yes
Thermal Pad Minus Pad Advance Thermal Grizzly - 120x20x1 mm 4pcs,1290,https://www.anhoch.com/storage/media/250420251112497-s-tg-mp-a-120-20-png_800x800.jpg,yes
Cooler Liquid NZXT Kraken Elite 280 RGB V2 LCD White,9980,https://www.anhoch.com/storage/media/rl-kr28e-w2.jpg,yes
Thermal Pad Minus Pad High Compression Thermal Grizzly - 120x100x2 mm 2pcs,1290,https://www.anhoch.com/storage/media/tg-mp-hc-120-100-20-2_1.jpg,yes
Thermal Pad Minus Pad High Compression Thermal Grizzly - 120x100x3 mm 2pcs,1390,https://www.anhoch.com/storage/media/tg-mp-hc-120-100-30-2_1.jpg,yes
Thermal Grease for Cooler Polartherm X8 10g,550,https://www.anhoch.com/storage/media/pt-x8-010_1.jpg,yes
Thermal Grease for Cooler Polartherm X10 40g,1590,https://www.anhoch.com/storage/media/pt-x10-040_1.jpg,yes
Case Fan 120x120x25 SAMA 3 in 1 1100rpm ARGB LED Black w/Fan HUB,1790,https://www.anhoch.com/storage/media/blb3.jpg,yes
Case Fan 120x120x25 Deepcool RF120B 1300rpm Blue LED,420,https://www.anhoch.com/storage/media/dpfledrf120bl_1.jpg,yes
Thermal Pad Minus Pad 8 Thermal Grizzly - 120x20x3.0 mm,790,https://www.anhoch.com/storage/media/19112021165552thermalpad.jpg,yes
Case Fan 120x120x25 Be Quiet! Pure Wings 3 PWM Black,990,https://www.anhoch.com/storage/media/bl105.jpg,yes
Cooler Deepcool AG620 ARGB V2 All Intel/AMD Black,3880,https://www.anhoch.com/storage/media/r-ag620-bkammn-gjd.jpg,yes
Case Fan 120x120x25 Sharkoon SHARK Mirror PWM ARGB 1500rpm Low Noise  Black,790,https://www.anhoch.com/storage/media/sharkmirrorbk.jpg,yes
Case Fan 120x120x25 Sharkoon SHARK Mirror PWM RGB REVERSE 1500rpm Low Noise White,790,https://www.anhoch.com/storage/media/sharkmirrorwh.jpg,yes
Thermal Pad Minus Pad Basic Thermal Grizzly - 100x100x2 mm 2pcs,1290,https://www.anhoch.com/storage/media/7-s-tg-mp-b-100-100-png_800x800.jpg,yes
Thermal Pad Minus Pad Advance Thermal Grizzly - 100x100x0.5 mm 2pcs,1290,https://www.anhoch.com/storage/media/250420251225567-s-tg-mp-b-100-100-png_800x800.jpg,yes
Cooler Liquid NZXT Kraken Elite 280 RGB V2 LCD Black,9980,https://www.anhoch.com/storage/media/rl-kr28e-b2.jpg,yes
Cooler Liquid Deepcool MARRS LE300 Green Sockets All Intel/AMD,2980,https://www.anhoch.com/storage/media/rle300bklnmgg1_1.jpg,yes
Cooler Deepcool Beta 10 All AMD 89W,470,https://www.anhoch.com/storage/media/beta_10_1.jpg,yes
Thermal Grease for Cooler Thermal Grizzly Hydronaut 26g,2090,https://www.anhoch.com/storage/media/tgh100r_1.jpg,yes
Thermal Pad Minus Pad 8 Thermal Grizzly - 100x100x0.5 mm,1290,https://www.anhoch.com/storage/media/19112021165452thermalpad.jpg,yes
Case Fan 120x120x25 White Shark Nebula 2 ARGB KIT w/Remote & HUB White,1980,https://www.anhoch.com/storage/media/nebula-2-white-(1)___thumb_600_600.jpg,yes
Case Fan 120x120x25 SAMA 3 in 1 Fixed RGB LED White w/Fan HUB,1180,https://www.anhoch.com/storage/media/infwfrgb120mm3-1.jpg,yes
Cooler Liquid Gigabyte GAMING 360 ICE White ARGB All Intel/AMD,6980,https://www.anhoch.com/storage/media/gp-gigabytegme360-1.jpg,yes
Case Fan 120x120x25 Deepcool FL12R ARGB (3 in 1) 2150rpm Super Silent LED Black,4980,https://www.anhoch.com/storage/media/r-fl12r-bkapn3-g.jpg,yes
Cooler Liquid MSI MAG CORELIQUID A13 360 ARGB LGA1700/1851/AM5/AM4,6180,https://www.anhoch.com/storage/media/magcoreliquida13360.jpg,yes
Cooler Liquid NZXT Kraken Core 360 RGB Black,8680,https://www.anhoch.com/storage/media/rl-kr36c-b1.jpg,yes
Thermal Grease for Cooler Thermal Grizzly Kryonaut 5.5g,1190,https://www.anhoch.com/storage/media/tgk015r_1.jpg,yes
Thermal Pad Minus Pad 8 Thermal Grizzly - 30x30x0.5 mm,350,https://www.anhoch.com/storage/media/thermalpad.jpg,yes
Cooler Liquid MSI MAG CORELIQUID A13 240 ARGB LGA1700/1851/AM5/AM4 WHITE,4480,https://www.anhoch.com/storage/media/magcoreliquida13240wh.jpg,yes
Cooler Liquid MSI MAG CORELIQUID A13 360 ARGB LGA1700/1851/AM5/AM4 WHITE,6180,https://www.anhoch.com/storage/media/magcoreliquida13360wh.jpg,yes
Thermal Grease for Cooler Thermal Grizzly Aeronaut 26g,1350,https://www.anhoch.com/storage/media/tga100r_1.jpg,yes
Cooler Liquid Gigabyte EAGLE 360 ICE White ARGB All Intel/AMD,6280,https://www.anhoch.com/storage/media/gp-gigabyteeagle360i.jpg,yes
Thermal Pad Minus Pad High Compression Thermal Grizzly - 120x100x1 mm 2pcs,1190,https://www.anhoch.com/storage/media/tg-mp-hc-120-100-10-2_1.jpg,yes
Cooler Be Quiet! Pure Rock Pro 3,2980,https://www.anhoch.com/storage/media/bk041_1.jpg,yes
Cooler Deepcool AG620 All Intel/AMD,2690,https://www.anhoch.com/storage/media/rag620bknnmng1.jpg,yes
Thermal Grease for Cooler Thermal Grizzly Kryonaut Extreme 2g,990,https://www.anhoch.com/storage/media/tgke002r_1.jpg,yes
Cooler Liquid Genesis Hydria 360 ARGB Black,5780,https://www.anhoch.com/storage/media/nlg-2321.jpg,yes
Cooler Liquid Deepcool LE520 ARGB Sockets All Intel/AMD White,4980,https://www.anhoch.com/storage/media/rle520whammng1.jpg,yes
Cooler Deepcool AK400 Digital All Intel/AMD,2780,https://www.anhoch.com/storage/media/rak400bkadmng.jpg,yes
Cooler Liquid NZXT Kraken Plus 360 RGB LCD White,14480,https://www.anhoch.com/storage/media/rl-kr360-w2.jpg,yes
Cooler Liquid Be Quiet! Light Loop 360mm ARGB Black,9880,https://www.anhoch.com/storage/media/bw022_1.jpg,yes
Cooler Liquid NZXT Kraken Plus 360 RGB LCD Black,14480,https://www.anhoch.com/storage/media/rl-kr360-b2.jpg,yes
"Cooler Liquid Deepcool LT360 VISION ARGB w/4.5""LCD Display , All Intel/AMD Black",9480,https://www.anhoch.com/storage/media/r-lt360visionbkammc-g-1.jpg,yes
Thermal Pad Minus Pad Basic Thermal Grizzly - 120x20x1 mm 4pcs,990,https://www.anhoch.com/storage/media/250420251229267-s-tg-mp-b-120-20-png_800x800.jpg,yes
Thermal Pad Minus Pad Advance Thermal Grizzly - 100x100x1 mm 2pcs,1290,https://www.anhoch.com/storage/media/250420251225397-s-tg-mp-b-100-100-png_800x800.jpg,yes
Cooler Liquid Gigabyte GAMING 360 Black ARGB All Intel/AMD,6980,https://www.anhoch.com/storage/media/gp-gigabytegme360-01.jpg,yes
Cooler Be Quiet! Dark Rock 5 BK035,4580,https://www.anhoch.com/storage/media/bk035_1.jpg,yes
Cooler Liquid Gigabyte GAMING 240 ICE White ARGB All Intel/AMD,5680,https://www.anhoch.com/storage/media/gp-gigabytegme240i.jpg,yes
"Cooler Liquid Deepcool MYSTIQUE 240 ARGB w/LCD Display, All Intel/AMD",9980,https://www.anhoch.com/storage/media/r-lx550-bkadsnc-g-1.jpg,yes
"Cooler Liquid Deepcool MYSTIQUE 240 ARGB w/LCD Display, All Intel/AMD White",10280,https://www.anhoch.com/storage/media/r-lx240-whdsnmcp-g-1.jpg,yes
"Cooler Liquid Deepcool MYSTIQUE 360 ARGB w/LCD Display, All Intel/AMD White",11780,https://www.anhoch.com/storage/media/r-lx360-whdsnmcp-g-1.jpg,yes
"Cooler Liquid Deepcool MYSTIQUE 360 w/LCD Display, All Intel/AMD White",10280,https://www.anhoch.com/storage/media/r-lx360-whdsnmp-g-1.jpg,yes
Thermal Grease for Cooler Thermal Grizzly Hydronaut 7.8g,990,https://www.anhoch.com/storage/media/tgh030r_1.jpg,yes
Cooler Be Quiet! Dark Rock 6,5780,https://www.anhoch.com/storage/media/bk046_1.jpg,yes
Cooler Liquid Genesis Hydria 240 ARGB Black,4780,https://www.anhoch.com/storage/media/nlg-2319.jpg,yes
Case Fan 140x140x25 Deepcool FD14 ARGB (3 in 1) 1650rpm Super Silent LED Black,2980,https://www.anhoch.com/storage/media/r-fd14-bkapn3-g.jpg,yes
Cooler Be Quiet! Pure Rock LP,3480,https://www.anhoch.com/storage/media/bk034_1.jpg,yes
Cooler Liquid MSI MAG CORELIQUID M360 ARGB,6580,https://www.anhoch.com/storage/media/magcoreliquidm360.jpg,yes
Cooler Be Quiet! Pure Rock 3 Black,1980,https://www.anhoch.com/storage/media/bk039_1.jpg,yes
Case Fan 140x140x26 Deepcool CF 140 1200rpm Super Silent RGB LED,1190,https://www.anhoch.com/storage/media/dpfargbcf1401_1.jpg,yes
Cooler Deepcool AK500 All Intel/AMD,3280,https://www.anhoch.com/storage/media/rak500bknnmtg.jpg,yes
Thermal Pad Minus Pad 8 Thermal Grizzly - 100x100x1.5 mm,1690,https://www.anhoch.com/storage/media/19112021165512thermalpad.jpg,yes
Cooler Be Quiet! Pure Rock 3 LX,2480,https://www.anhoch.com/storage/media/bk040_1.jpg,yes
Cooler Be Quiet! Pure Rock Pro 3 LX,3380,https://www.anhoch.com/storage/media/bk043_1.jpg,yes
Cooler Liquid MSI MAG CORELIQUID I240 White ARGB All Intel/AMD,7780,https://www.anhoch.com/storage/media/magcoreliquidi240white.jpg,yes
Cooler Be Quiet! Dark Rock Elite AMD AM4 BK037,6780,https://www.anhoch.com/storage/media/bk037.jpg,yes
Cooler Liquid NZXT Kraken Core 240 RGB Black,6780,https://www.anhoch.com/storage/media/rl-kr24c-b1.jpg,yes
Cooler Liquid Be Quiet! Light Loop 360mm ARGB White,9980,https://www.anhoch.com/storage/media/bw023_1.jpg,yes
Cooler Deepcool AK400 G2 All Intel/AMD,2590,https://www.anhoch.com/storage/media/r-ak400g2-bknnmn-gjd-1.jpg,yes
Thermal Grizzly Putty Basic 30g,790,https://www.anhoch.com/storage/media/1-s-tg-p-b-30-png_800x800.jpg,yes
Thermal Pad Minus Pad Basic Thermal Grizzly - 120x20x1.5 mm 4pcs,990,https://www.anhoch.com/storage/media/250420251228517-s-tg-mp-b-120-20-png_800x800.jpg,yes
Thermal Pad Minus Pad Basic Thermal Grizzly - 120x20x2 mm 4pcs,990,https://www.anhoch.com/storage/media/7-s-tg-mp-b-120-20-png_800x800.jpg,yes
Cooler Deepcool AK620 Digital All Intel/AMD,4880,https://www.anhoch.com/storage/media/rak620bkadmng.jpg,yes
Cooler Be Quiet! Dark Rock Pro 5 BK036,5680,https://www.anhoch.com/storage/media/bk036_1.jpg,yes
Cooler Liquid Deepcool LT360 ARGB Sockets All Intel/AMD White,8980,https://www.anhoch.com/storage/media/r-lt360-whamnc-g-1.jpg,yes
"Desktop Fan 4"" USB Gembird",320,https://www.anhoch.com/storage/media/nf03.jpg,yes
Thermal Grease for Cooler Thermal Grizzly Aeronaut 7.8g,550,https://www.anhoch.com/storage/media/tga030r_1.jpg,yes
Case Fan 120x120x25 White Shark Vector Blue LED,330,https://www.anhoch.com/storage/media/gcf120253l1.jpg,yes
Case Fan 120x120x25 White Shark Nebula 2 ARGB KIT w/Remote & HUB Black,1980,https://www.anhoch.com/storage/media/nebula-2-black-(1)___thumb_600_600.jpg,yes
Cooler ARCTIC Intel Alpine 17 LP Intel LGA 1700/1851 Low-Profile,460,https://www.anhoch.com/storage/media/acalp00042a.jpg,yes
Cooler Deepcool AK620 Digital All Intel/AMD White,4880,https://www.anhoch.com/storage/media/rak620whadmng.jpg,yes
Thermal Grease for Cooler Gembird 15gr,350,https://www.anhoch.com/storage/media/tg-g15-02.jpg,yes
Case Fan 120x120x25 Sharkoon SHARK Mirror PWM RGB REVERSE 1500rpm Low Noise Black,790,https://www.anhoch.com/storage/media/sharkmirrorbk.jpg,yes
Thermal Grease for Cooler Thermal Grizzly Duronaut 2g,490,https://www.anhoch.com/storage/media/tg-d-002-r_1.jpg,no
Thermal Grease for Cooler Thermal Grizzly Duronaut 6g,990,https://www.anhoch.com/storage/media/tg-d-006-r_1.jpg,no
Thermal Grease for Cooler Gembird 3gr Syringe,170,https://www.anhoch.com/storage/media/tgg3001.jpg,no
Thermal Grease for Cooler Natec Husky 4gr,170,https://www.anhoch.com/storage/media/2907202009101311.jpg,no
Fan DC 50x50x10mm Gembird Sleeve Bearing D50SM12AS,100,https://www.anhoch.com/storage/media/30062010103510d50bm12as.jpg,no
Thermal Pad Minus Pad Advance Thermal Grizzly - 120x20x1.5 mm 4pcs,1290,https://www.anhoch.com/storage/media/250420251110477-s-tg-mp-a-120-20-png_800x800.jpg,no
Thermal Grease for Cooler Natec Husky 0.5gr,80,https://www.anhoch.com/storage/media/npt1580.jpg,no
Cooler Deepcool AK620 Zero Dark All Intel/AMD,4680,https://www.anhoch.com/storage/media/rak620bknnmtg1-01.jpg,no
Cooler ARCTIC Intel Alpine 17 CO Intel LGA 1700/1851,590,https://www.anhoch.com/storage/media/acalp00041a.jpg,no
"Cooler Liquid Deepcool MYSTIQUE 360 ARGB w/LCD Display, All Intel/AMD",11480,https://www.anhoch.com/storage/media/r-lx750-bkadsnc-g-1.jpg,no
Thermal Grease for Cooler Polartherm X8 2g,190,https://www.anhoch.com/storage/media/pt-x8-002_1.jpg,no
Cooler Deepcool AK400 All Intel/AMD,2080,https://www.anhoch.com/storage/media/rak400bknnmng1.jpg,no
Thermal Grease for Cooler Thermal Grizzly Aeronaut 1g,290,https://www.anhoch.com/storage/media/tga001rs_1.jpg,no
Thermal Grease for Cooler Polartherm X8 5g,350,https://www.anhoch.com/storage/media/pt-x8-005_1.jpg,no
Liquid Metal for Cooler Thermal Grizzly Conductonaut 1g,690,https://www.anhoch.com/storage/media/tgc001r_1.jpg,no
Thermal Grease for Cooler Polartherm X10 5g,390,https://www.anhoch.com/storage/media/pt-x10-005_1.jpg,no
Thermal Grease for Cooler Polartherm X10 10g,690,https://www.anhoch.com/storage/media/pt-x10-010_1.jpg,no
Case Fan 120x120x25 Be Quiet! Pure Wings 3 PWM High Speed Black,890,https://www.anhoch.com/storage/media/bl106_1.jpg,no
Cooler Liquid Deepcool GAMMAXX L120 V2 Sockets Intel/AMD,3480,https://www.anhoch.com/storage/media/dph12rfgl120v2_1.jpg,no
Thermal Pad Gembird - 100x100x1 mm,290,https://www.anhoch.com/storage/media/tg-p-01.jpg,no
Cooler Liquid NZXT Kraken 280 RGB LCD Black,9980,https://www.anhoch.com/storage/media/rlkr280b1_1.jpg,no
Case Fan 80x80x25 SBOX CF-80,120,https://www.anhoch.com/storage/media/cf80.jpg,no
Fan DC 60x60x15mm Sleeve Bearing,150,https://www.anhoch.com/storage/media/d6015sm3.jpg,no
Case Fan 120x120x25 SBOX CF-120,220,https://www.anhoch.com/storage/media/cf120.jpg,no
Thermal Grease for Cooler Thermal Grizzly Aeronaut 3.9g,390,https://www.anhoch.com/storage/media/tga015r_1.jpg,no
Thermal Pad Minus Pad 8 Thermal Grizzly - 100x100x1.0 mm,1550,https://www.anhoch.com/storage/media/19112021165501thermalpad.jpg,no
Thermal Pad Minus Pad 8 Thermal Grizzly - 120x20x1.5 mm,490,https://www.anhoch.com/storage/media/19112021165537thermalpad.jpg,no
Thermal Grease for Cooler Genesis Silicon 900 4gr,580,https://www.anhoch.com/storage/media/ntg-2329.jpg,no
Cooler Be Quiet! Dark Rock Pro 6,6980,https://www.anhoch.com/storage/media/bk048_1.jpg,no
Thermal Grease for Cooler Genesis Silicon 900 2gr,380,https://www.anhoch.com/storage/media/ntg-2328.jpg,no
Cooler Be Quiet! Pure Rock Slim 2,1580,https://www.anhoch.com/storage/media/purerockslim2.jpg,no
Case Fan 120x120x25 Gembird Ball Bearing,250,https://www.anhoch.com/storage/media/fancase3ball.jpg,no
Case Fan 120x120x25 Gembird,220,https://www.anhoch.com/storage/media/fancase3.jpg,no
Case Fan 120x120x25 Deepcool FD12 ARGB (3 in 1) 2050rpm Super Silent LED White,2680,https://www.anhoch.com/storage/media/r-fd12-whapn3-g.jpg,no
Thermal Pad Minus Pad 8 Thermal Grizzly - 100x100x2.0 mm,1990,https://www.anhoch.com/storage/media/27052022163520thermalpad.jpg,no
Cooler Be Quiet! Pure Rock 2 FX Black ARGB,3080,https://www.anhoch.com/storage/media/bk033.jpg,no
Cooler Liquid MSI MAG CORELIQUID C360 ARGB,10280,https://www.anhoch.com/storage/media/magcoreliquidc360.jpg,no
Thermal Grease for Cooler Deepcool Z10 5gr Syringe w/Blue-Gray,590,https://www.anhoch.com/storage/media/dptimz101_1.jpg,no
Case fan 8cm ball bearing,170,https://www.anhoch.com/storage/media/fancaseball.jpg,no
Case Fan 80x80x25 Gembird,120,https://www.anhoch.com/storage/media/fancase.jpg,no
Cooler Noctua NH-U9B Intel/AMD,2780,https://www.anhoch.com/storage/media/noctua_nh_u9b_1_2.jpg,no
Thermal Grease for Cooler Gembird 1.5gr Syringe,100,https://www.anhoch.com/storage/media/tg-g1.5-01.jpg,no
Thermal Grease for Cooler Thermal Grizzly Hydronaut 1g,390,https://www.anhoch.com/storage/media/tgh001rs_1.jpg,no
Thermal Grease for Cooler Thermal Grizzly Hydronaut 3.9g,690,https://www.anhoch.com/storage/media/tgh015r_1.jpg,no
"Case Fan 120x120x38mm 230V For 10""/19"" Rack Cabinet Lanberg",790,https://www.anhoch.com/storage/media/ak1501b.jpg,no
Thermal Pad Minus Pad 8 Thermal Grizzly - 30x30x1.5 mm,450,https://www.anhoch.com/storage/media/27072021151655thermalpad.jpg,no
Thermal Grease for Cooler Thermal Grizzly Kryonaut 1g,490,https://www.anhoch.com/storage/media/tgk001rs_1.jpg,no
Thermal Pad Minus Pad 8 Thermal Grizzly - 30x30x1.0 mm,390,https://www.anhoch.com/storage/media/27072021151559thermalpad.jpg,no
