name,price_mkd,image_url,source,in_stock
Intel Celeron G3900 2.9GHz Tray,1999,https://setec-pos-web.fra1.cdn.digitaloceanspaces.com/33483_0-01JVW5WP5NR73A26KXM84ZVWS2.webp,setec,no
AMD A6-Series X2 5400K 3.60GHz,2999,https://setec-pos-web.fra1.cdn.digitaloceanspaces.com/34337_0-01JWR73D8SSGX4HX8C7W1YKA09.webp,setec,no
CPU AMD Ryzen 5 5500 TRAY,3399,https://setec-pos-web.fra1.cdn.digitaloceanspaces.com/63804_CPU AMD Ryzen 5 5500 TRAY-01K808MHGHKJW4QZ5H7VVCF787.jpg,setec,no
Intel Core i3 12100F TRAY LGA1700 12MB Cache 3,3499,https://setec-pos-web.fra1.cdn.digitaloceanspaces.com/62420_0-01JWDZE7D2SP4NTKPJNZN1MEG2.webp,setec,no
Intel i3-10100F 3.6 GHz up to 4.3 GHz,3999,https://setec-pos-web.fra1.cdn.digitaloceanspaces.com/33488_0-01JWDY5S0NHDR4AVCGNTV2S9AH.webp,setec,yes
CPU AMD AM4 Ryzen 5 3400G Box 3.7GHz  MAX Boost 4.2GHz 6MB,3999,https://setec-pos-web.fra1.cdn.digitaloceanspaces.com/34391_CPU%20AMD%20AM4%20Ryzen%205%203400G%20Box%203.7GHz%20MAX%20Boost%204.2GHz%206MB%2065W%20Radeon%20RX%20Vega%2011-01KXQP9BG51C9M6RM5Y2ZPKBTN.jpg,setec,yes
CPU AMD Ryzen 5 5500 TRAY,4999,https://setec-pos-web.fra1.cdn.digitaloceanspaces.com/63805_CPU AMD Ryzen 5 5500 TRAY-01K808EDKW5FVS6R29MM9H5BX5.jpg,setec,yes
CPU AMD Ryzen 5 5500 BOX,5499,https://setec-pos-web.fra1.cdn.digitaloceanspaces.com/88472_CPU%20AMD%20Ryzen%205%205500%20BOX-01KGPGMRWS7ZTB3YZAAA441PAE.jpg,setec,yes
Intel i3-14100F BOX LGA1700 12MB Cache 4.7GHz,6999,https://setec-pos-web.fra1.cdn.digitaloceanspaces.com/58510_0-01JVA76XPJ0ZFAYR6MDP6D868N.webp,setec,yes
CPU AMD Ryzen 5 8400F AM5 / 65W TRAY,6999,https://setec-pos-web.fra1.cdn.digitaloceanspaces.com/63634_CPU AMD Ryzen 5 8400F AM5 TRAY-01K62DWB926BS3A13TYEP6VMFS.jpg,setec,yes
CPU AMD Ryzen 5 5600X Box,7499,https://setec-pos-web.fra1.cdn.digitaloceanspaces.com/34403_0-01JVYC84NVHFZFEMGKEPPSR9MC.webp,setec,yes
CPU AMD Ryzen 5 7500F AM5 / 65W TRAY,7599,https://setec-pos-web.fra1.cdn.digitaloceanspaces.com/59387_0-01JVYCKRNVMPSZR34FJ45C73RK.webp,setec,yes
Intel i5-14400F TRAY LGA 1700 20MB Cache 4.7GHz,9299,https://setec-pos-web.fra1.cdn.digitaloceanspaces.com/Intel%20i5-14400F%20TRAY%20LGA%201700%2020MB%20Cache%204.7GHz_63357-01M005DXFQXV949B0MKNXHDDTB.png,setec,yes
CPU AMD Ryzen 5 7600X no fan BOX,9499,https://setec-pos-web.fra1.cdn.digitaloceanspaces.com/34418_0-01JVYC8533S3X2C3Z4VHF3NV40.webp,setec,yes
CPU AMD Ryzen 7 5700X Tray (No Cooler),9499,https://setec-pos-web.fra1.cdn.digitaloceanspaces.com/63078_CPU AMD Ryzen 7 5700X Tray-01JXW9TA5QDDK5209M41NVCYC2.jpg,setec,yes
CPU AMD Ryzen 5 7600X TRAY,10799,https://setec-pos-web.fra1.cdn.digitaloceanspaces.com/57776_CPU AMD Ryzen 5 7600X TRAY-01K7KE8HK0M3CZN0A5BDV7WF0P.jpg,setec,no
Intel i3-14100 BOX LGA1700 12MB Cache 4.7GHz,10999,https://setec-pos-web.fra1.cdn.digitaloceanspaces.com/63230_Intel i3-14100 LGA1700 12MB Cache 4.7GHz-01JZN14Q97WVQVH80TKSVXVY4S.jpg,setec,yes
CPU AMD Ryzen 5 7600 MPK (Tray + Original Cooler),10999,https://setec-pos-web.fra1.cdn.digitaloceanspaces.com/63351_CPU AMD Ryzen 5 7600 MPK (Tray + Original Cooler)-01K10T9Q4KTC8TKNKX9CMDV1S6.jpg,setec,yes
Intel Core Ultra 5 245KF no fan BOX,10999,https://setec-pos-web.fra1.cdn.digitaloceanspaces.com/61655_Intel%20Core%20Ultra%205%20245KF%20no%20fan%20BOX-01KT1AJK0R7917GBYVDMANDKXV.jpg,setec,yes
Intel i5-14400F BOX LGA 1700 20MB Cache 4.7GHz,11499,https://setec-pos-web.fra1.cdn.digitaloceanspaces.com/58943_0-01JVW68J8M0VGS6B5Z84666GDV.webp,setec,yes
CPU AMD Ryzen 7 7700X 4.50GHZ 8 CORE/SKT AM5 /  105W up to 142W TRAY SP,13499,https://setec-pos-web.fra1.cdn.digitaloceanspaces.com/63350_CPU AMD Ryzen 7 7700X 4.50GHZ 8 CORE_SKT AM5 40MB 105W TRAY SP-01K10T25YJ5H5QF00QC7D3QP8M.jpg,setec,yes
CPU AMD Ryzen 5 7500X 3D Tray,13499,https://setec-pos-web.fra1.cdn.digitaloceanspaces.com/88506_CPU AMD Ryzen 5 7500X 3D Tray-01KCR85BR0QCY9DWQMXCV69D71.jpg,setec,yes
Intel Core Ultra 5 250KF Plus no fan BOX,13999,https://setec-pos-web.fra1.cdn.digitaloceanspaces.com/88756_Intel%20Core%20Ultra%205%20250KF%20no%20fan%20BOX-01KR15W4J1MMV6NHCPFGAAX5G8.jpg,setec,yes
CPU AMD Ryzen 7 5700X 3D no fan Box,14799,https://setec-pos-web.fra1.cdn.digitaloceanspaces.com/59069_0-01JVYCQQ3VMZ6D29YMEPSVKFJ9.webp,setec,no
CPU AMD Ryzen 7 7700X no fan Box,14999,https://setec-pos-web.fra1.cdn.digitaloceanspaces.com/34419_0-01JVYC85EBZC7ZZCWST1JVAN17.webp,setec,no
CPU AMD Ryzen 5 7500X 3D 4.5GHz / 6 Core / 102MB /  AM5 / 65W,14999,https://setec-pos-web.fra1.cdn.digitaloceanspaces.com/88414_CPU AMD Ryzen 5 7500X 3D 4.5GHz _ 6 Core _ 102MB _ AM5 _ 65W-01KA0V76TTNWWQC022Q2PZGNWT.jpg,setec,yes
Intel i5-14400 BOX LGA1700 20MB Cache 4.7GHz,15499,https://setec-pos-web.fra1.cdn.digitaloceanspaces.com/59111_0-01JVA78BVNX2HHD11H5K9G0E9F.webp,setec,yes
Intel Core Ultra 5 250K Plus no fan BOX,16499,https://setec-pos-web.fra1.cdn.digitaloceanspaces.com/88755_Intel%20Core%20Ultra%205%20250K%20no%20fan%20BOX-01KR15H9SEYQK4588NW2CV1HXA.jpg,setec,no
CPU AMD Ryzen 9 7900X no fan Box,17499,https://setec-pos-web.fra1.cdn.digitaloceanspaces.com/34420_0-01JVA6VPF8BK7BTJQ4RBQ3TS4B.webp,setec,yes
CPU AMD Ryzen 7 7800X 3D no fan tray,17499,https://setec-pos-web.fra1.cdn.digitaloceanspaces.com/58900_0-01JVA7802D6NR36KTMF4SKPXAP.webp,setec,yes
Intel Core Ultra 7 265KF no fan BOX,17999,https://setec-pos-web.fra1.cdn.digitaloceanspaces.com/61654_0-01JVA7DBFCF0GMN5CWBFYDFBG6.webp,setec,yes
Intel Core Ultra 7 265K no fan Tray,17999,https://setec-pos-web.fra1.cdn.digitaloceanspaces.com/63176_Intel Core Ultra 7 265K no fan Tray-01JZ09EHRJEZMHP2SQQ4T2X26R.jpg,setec,yes
Intel i7-14700F LGA1700X 33MB Cache 5.4GHz Box,18999,https://setec-pos-web.fra1.cdn.digitaloceanspaces.com/59110_0-01JVA78BGVXZVXYD4T84F9D2FT.webp,setec,yes
Intel Core Ultra 7 265K no fan BOX,18999,https://setec-pos-web.fra1.cdn.digitaloceanspaces.com/61656_0-01JVYD9D7RV9NGQV6KTZ9JYDR7.webp,setec,yes
CPU AMD Ryzen 7 7800X 3D no fan Box,20499,https://setec-pos-web.fra1.cdn.digitaloceanspaces.com/34425_0-01JVA6VQ6JYE5R07ANJH4DTX6M.webp,setec,yes
Intel i7-14700 BOX LGA1700X 33MB Cache 5.4GHz,20499,https://setec-pos-web.fra1.cdn.digitaloceanspaces.com/63748_Intel i7-14700 BOX LGA1700X 33MB Cache 5.4GHz-01K76E0T8EWSGA6890S34E6P3G.jpg,setec,no
Intel i9 13900KF LGA1700 36MB Cache 3.0GHz no fan Box,20995,https://setec-pos-web.fra1.cdn.digitaloceanspaces.com/33628_0-01JVW5WZV2D9K5BXATB09NMAZX.webp,setec,yes
Intel i7-14700F TRAY LGA1700X 33MB Cache 5.4GHz,20999,https://setec-pos-web.fra1.cdn.digitaloceanspaces.com/61364_Intel i7-14700F TRAY LGA1700X 33MB Cache 5.4GHz-01K8NAM874TTPZZF1QTASJE3Y7.jpg,setec,yes
Intel Core Ultra 7 270K Plus  no fan BOX,20999,https://setec-pos-web.fra1.cdn.digitaloceanspaces.com/88754_Intel%20Core%20Ultra%207%20270K%20Plus%20no%20fan%20BOX-01KR15N9ZM5V7NWN4YG1XY46RE.jpg,setec,no
Intel i7-14700KF TRAY LGA1700 33MB Cache 5.6GHz,21999,https://setec-pos-web.fra1.cdn.digitaloceanspaces.com/57387_0-01JVYCP8WTCNCBHT9VV4PN4YCS.webp,setec,yes
Intel i7-14700KF LGA1700 33MB Cache 5.6GHz no fan Box,22999,https://setec-pos-web.fra1.cdn.digitaloceanspaces.com/34796_Intel i7-14700KF LGA1700 33MB Cache 5.6GHz no fan Box-01KCRWHKRM93E6VA2B0KHGB8QQ.jpg,setec,yes
Intel i9-14900KF LGA1700 36MB Cache 6.0GHz,25499,https://setec-pos-web.fra1.cdn.digitaloceanspaces.com/58717_0-01JVA77FGYHNHYMTFGPB0GMPBX.webp,setec,no
CPU AMD Ryzen 7 9800X 3D TRAY up to 5.2GHz,25999,https://setec-pos-web.fra1.cdn.digitaloceanspaces.com/61718_0-01JVA7DGENPN9C3MCK58G0WR2W.webp,setec,yes
CPU AMD Ryzen 9 9950X AM5 TRAY,26999,https://setec-pos-web.fra1.cdn.digitaloceanspaces.com/88648_CPU%20AMD%20Ryzen%209%209950X%20AM5%20TRAY-01KJF8M4J4NH6G633BGX2G5F7H.jpg,setec,no
Intel i9-14900KF LGA1700 36MB Cache 6.0GHz no fan Box,27999,https://setec-pos-web.fra1.cdn.digitaloceanspaces.com/34794_0-01JVYC9RK31G5B7P4AEXKVZK2V.webp,setec,no
CPU AMD Ryzen 7 9800X 3D BOX up to 5.2GHz,27999,https://setec-pos-web.fra1.cdn.digitaloceanspaces.com/61653_0-01JVA7DB47EW7EZJX836GNAM66.webp,setec,no
Intel i9-14900K LGA1700 36MB Cache 6.0GHz no fan Box,28999,https://setec-pos-web.fra1.cdn.digitaloceanspaces.com/34793_0-01JVA6W8END3JQ2VCRHJCBQ2NN.webp,setec,no
CPU AMD Ryzen 9 9950X AM5 no fan Box,31999,https://setec-pos-web.fra1.cdn.digitaloceanspaces.com/59391_0-01JVA7930KW80E2NDK1QD3H90J.webp,setec,no
CPU AMD Ryzen 9 7950X no fan Box,33999,https://setec-pos-web.fra1.cdn.digitaloceanspaces.com/34421_0-01JVA6VPS3STY6RRT4G3GATVYD.webp,setec,no
Intel Core Ultra 9 285K no fan BOX,35999,https://setec-pos-web.fra1.cdn.digitaloceanspaces.com/61796_Intel Core Ultra 9 285K no fan BOX-01K5GS9RYXEANTAK46S8P1X9F6.jpg,setec,yes
CPU AMD RYZEN 9 9950X 3D 5.7GHZ 16 CORE  TRAY,39499,https://setec-pos-web.fra1.cdn.digitaloceanspaces.com/63810_CPU AMD RYZEN 9 9950X 3D 5.7GHZ 16 CORE TRAY-01K82S9B69RHCZYFQY5DW1DFSW.jpg,setec,no
CPU AMD RYZEN 9 9950X 3D 5.7GHZ 16 CORE,39999,https://setec-pos-web.fra1.cdn.digitaloceanspaces.com/63123_CPU AMD RYZEN 9 9950X 3D 5.7GHZ 16 CORE-01KERVSEZ2YHPAWNA4GFJWDYTF.jpg,setec,yes
CPU AMD Ryzen 9 9950X3D2 (Dual Edition)  BOX AM5  Up to 5.6 GHz,54999,https://setec-pos-web.fra1.cdn.digitaloceanspaces.com/88815_CPU%20AMD%20Ryzen%209%209950X3D2%20(Dual%20Edition)%20BOX%20AM5%20Up%20to%205.6%20GHz-01KVFDX40MDADKFZ1W0MAPNXHC.jpg,setec,no
